{
  "project_info": {
    "project_number": "451077567042",
    "project_id": "studysync-f1639",
    "storage_bucket": "studysync-f1639.firebasestorage.app"
  },
  "client": [
    {
      "client_info": {
        "mobilesdk_app_id": "1:451077567042:android:549658a30ae703347b73db",
        "android_client_info": {
          "package_name": "com.chadi.studysync"
        }
      },
      "oauth_client": [],
      "api_key": [
        {
          "current_key": "AIzaSyDhjcN29ad1yJEam-CireIGXVvXrr_TMyY"
        }
      ],
      "services": {
        "appinvite_service": {
          "other_platform_oauth_client": []
        }
      }
    }
  ],
  "configuration_version": "1"
}