{"flutter":{"platforms":{"android":{"default":{"projectId":"studysync-f1639","appId":"1:451077567042:android:dc2225d78f32c7897b73db","fileOutput":"android/app/google-services.json"}},"dart":{"lib/firebase_options.dart":{"projectId":"studysync-f1639","configurations":{"android":"1:451077567042:android:dc2225d78f32c7897b73db","ios":"1:451077567042:ios:dfbe11c43a2c73077b73db","macos":"1:451077567042:ios:dfbe11c43a2c73077b73db","web":"1:451077567042:web:a3b3dd9d922077447b73db","windows":"1:451077567042:web:ea3dddb3181bba907b73db"}}}}}}